{
  "IR": {
    "precision_at_k": {
      "1": 0.27906976744186046,
      "3": 0.2751937984496124,
      "5": 0.2744186046511628,
      "10": 0.24127906976744187
    },
    "recall_at_k": {
      "1": 0.08035714285714285,
      "3": 0.2381644518272425,
      "5": 0.3943567737172389,
      "10": 0.7197659736903923
    },
    "f1_at_k": {
      "1": 0.11689228752179832,
      "3": 0.2338684102843893,
      "5": 0.29801803493663964,
      "10": 0.33550784760555086
    },
    "ndcg_at_k": {
      "1": 0.24972314507198226,
      "3": 0.27684544388244586,
      "5": 0.33260966695208133,
      "10": 0.45700677798772815
    },
    "mean_average_precision": 0.0,
    "mean_reciprocal_rank": 0.0
  },
  "IR3": {
    "precision_at_k": {
      "1": 0.23255813953488372,
      "3": 0.23643410852713176,
      "5": 0.2348837209302326,
      "10": 0.19825581395348837
    },
    "recall_at_k": {
      "1": 0.07282228430484244,
      "3": 0.23009475989127148,
      "5": 0.3780003104131011,
      "10": 0.6388840649015067
    },
    "f1_at_k": {
      "1": 0.10280084902177924,
      "3": 0.21090934259538907,
      "5": 0.26478197190406494,
      "10": 0.28205758085204047
    },
    "ndcg_at_k": {
      "1": 0.21539313399778517,
      "3": 0.25328379564673414,
      "5": 0.30773903496348537,
      "10": 0.40636575482400833
    },
    "mean_average_precision": 0.0,
    "mean_reciprocal_rank": 0.0
  },
  "question": {
    "precision_at_k": {
      "1": 0.26744186046511625,
      "3": 0.2713178294573643,
      "5": 0.26976744186046514,
      "10": 0.21918604651162793
    },
    "recall_at_k": {
      "1": 0.07963039867109635,
      "3": 0.24005398671096342,
      "5": 0.39634320782576593,
      "10": 0.6158308584180678
    },
    "f1_at_k": {
      "1": 0.1133116304527692,
      "3": 0.22949855533313898,
      "5": 0.29126887324561745,
      "10": 0.29963122897414424
    },
    "ndcg_at_k": {
      "1": 0.24640088593576964,
      "3": 0.283351841730453,
      "5": 0.34163412961307804,
      "10": 0.4317705573612962
    },
    "mean_average_precision": 0.0,
    "mean_reciprocal_rank": 0.0
  }
}